Date,Close/Last,Open,High,Low
5/30/2024,10205.24,10332.57,10348.39,10174.34
5/29/2024,10396.4,10386.55,10451.02,10386.55
5/28/2024,10526.85,10592.65,10594.29,10462.57
5/24/2024,10549.22,10494.5,10616.85,10480.6
5/23/2024,10495.82,10698.18,10704.39,10444.49
5/22/2024,10568.8,10566.26,10595.3,10489.32
5/21/2024,10507.1,10454.12,10515.1,10437.74
5/20/2024,10554.51,10432.06,10568.81,10424.56
5/17/2024,10419.3,10461.64,10471.49,10364.85
5/16/2024,10436.75,10449.96,10501.02,10433.35
5/15/2024,10454.29,10305.7,10456.72,10280.26
5/14/2024,10213.48,10128.3,10221.07,10124.29
5/13/2024,10140.59,10144.43,10161.5,10116.12
5/10/2024,10090.34,10098.77,10171.79,10061.48
5/9/2024,10038.43,10069.95,10083.03,10005.31
5/8/2024,10061.81,10009.26,10069.12,9997.68
5/7/2024,10076.02,10084.59,10150.39,10072.95
5/6/2024,10112.97,10029.74,10112.98,10002.87
5/3/2024,9982.19,9976.71,10033.73,9927.31
5/2/2024,9840.5,9814.44,9866.89,9649.8
5/1/2024,9692.12,9779.79,9948.78,9663.95
4/30/2024,9845.68,10006.06,10056.67,9843.4
4/29/2024,10039.64,10061.98,10091.76,9984.82
4/26/2024,10055.63,9937.87,10090.74,9911.51
4/25/2024,9893.93,9775.95,9930.66,9742.34
4/24/2024,9895.33,9978.22,10001.53,9829.17
4/23/2024,9828.82,9693.75,9871.1,9675.59
4/22/2024,9631.73,9594.19,9681.2,9474.05
4/19/2024,9500.55,9669.97,9716.74,9458.7
4/18/2024,9716.7,9796.75,9848.76,9702.06
4/17/2024,9816.78,10017.08,10031.66,9813.73
4/16/2024,10010.93,9971.47,10066.93,9945.21
4/15/2024,9976.72,10254.21,10268.85,9941.6
4/12/2024,10162.06,10256.62,10284.49,10142.38
4/11/2024,10419.72,10309.7,10435.47,10228.59
4/10/2024,10243.23,10241.3,10307.9,10193.32
4/9/2024,10400.32,10391.06,10416.74,10278.89
4/8/2024,10309.02,10330.4,10356.05,10249.68
4/5/2024,10306.57,10213.8,10360.46,10182.48
4/4/2024,10172.51,10500.74,10520.82,10170.71
4/3/2024,10372.26,10281.75,10434.53,10277.02
4/2/2024,10348.49,10300.06,10361.97,10253.35
4/1/2024,10463.7,10449.15,10549.38,10422.84
3/28/2024,10420.33,10421.24,10470.01,10402.61
3/27/2024,10427.4,10465.02,10465.77,10324.46
3/26/2024,10373.65,10426.54,10467.23,10372.07
3/25/2024,10388.22,10338.67,10441.83,10320.15
3/22/2024,10444.17,10443.19,10491.34,10377.05
3/21/2024,10472.44,10563.24,10595.64,10465
3/20/2024,10372.62,10271.41,10390.14,10199.54
3/19/2024,10224.57,10127.84,10240.68,10067.28
3/18/2024,10221.21,10277.08,10301.5,10212.74
3/15/2024,10146.99,10229.64,10242.54,10141.28
3/14/2024,10298.42,10401.43,10418.42,10226.46
3/13/2024,10391.86,10466.63,10475.09,10361.19
3/12/2024,10530.35,10449.84,10532.88,10337.09
3/11/2024,10359.64,10335.14,10387.1,10254.67
3/8/2024,10415.33,10672.33,10724.92,10408.53
3/7/2024,10686.65,10568.57,10719.27,10530.22
3/6/2024,10475.54,10542.01,10566.63,10407.91
3/5/2024,10332.76,10480.4,10489.52,10255.24
3/4/2024,10606.42,10638.12,10670.77,10579.77
3/1/2024,10606.23,10452.33,10636.81,10422.44
2/29/2024,10411.78,10352.31,10427.28,10276.48
2/28/2024,10257.58,10260.1,10295.95,10228.16
2/27/2024,10347.51,10370.9,10422.41,10315.01
2/26/2024,10329.92,10313.87,10389.43,10282.67
2/23/2024,10265.71,10359.09,10384.92,10232.56
2/22/2024,10306.18,10292.08,10335.3,10217.74
2/21/2024,9939.39,9850.41,9940.77,9826.79
2/20/2024,10122.3,10150.83,10191.37,9987.28
2/16/2024,10225.03,10345.86,10373.46,10201.89
2/15/2024,10342.72,10387.86,10399.65,10287.5
2/14/2024,10347.87,10283.9,10351.12,10233.82
2/13/2024,10154.5,10027.36,10259.56,10027.36
2/12/2024,10371.7,10421.61,10506.3,10354.05
2/9/2024,10435.12,10332.93,10467.31,10304.28
2/8/2024,10256.3,10166.78,10296.26,10155.06
2/7/2024,10145.02,10062.26,10167,10016.59
2/6/2024,9966.25,10067.23,10068.78,9866.79
2/5/2024,10017.66,10038.92,10055.42,9910.22
2/2/2024,10021.72,9876.65,10044.39,9860.11
2/1/2024,9888.86,9845.23,9910.08,9782.09
1/31/2024,9797.68,9801.81,9950.59,9758.07
1/30/2024,9974.82,10077.29,10065.83,9943.26
1/29/2024,10077.29,9964.57,10077.91,9949.52
1/26/2024,9947.71,9969.63,10038.9,9935.59
1/25/2024,10092.35,10232.5,10236.41,10044.75
1/24/2024,10103.12,10148.65,10224.12,10086.8
1/23/2024,10035.03,10012.48,10040.71,9936.33
1/22/2024,9994.6,10029.82,10076.12,9957.45
1/19/2024,9921.77,9728.87,9923.78,9714.27
1/18/2024,9658.97,9648.5,9668.96,9548.19
1/17/2024,9485.01,9477.74,9493.36,9335.32
1/16/2024,9562.14,9491.42,9607.21,9467.73
1/12/2024,9534.17,9558.39,9601.14,9498.6
1/11/2024,9539.06,9530.49,9575.06,9389.31
1/10/2024,9488.72,9449.65,9512.89,9373.68
1/9/2024,9431.27,9299.15,9472.6,9298.88
1/8/2024,9382.04,9181.69,9384.85,9180.85
1/5/2024,9122.27,9096.98,9197.62,9090.36
1/4/2024,9098.91,9066.85,9168.78,9066.85
1/3/2024,9152.49,9141.42,9219.83,9137.93
1/2/2024,9286.98,9446.37,9462.16,9231.63
12/29/2023,9587.92,9637.25,9662.17,9544.32
12/28/2023,9650.4,9680.64,9681.94,9645.99
12/27/2023,9660.16,9683.45,9697.09,9629.11
12/26/2023,9661.82,9599.43,9678.71,9595.78
12/22/2023,9566.56,9586.33,9590.66,9502.63
12/21/2023,9523.19,9483.74,9533.67,9438.08
12/20/2023,9344.42,9464.98,9536.01,9343.26
12/19/2023,9514.86,9481.46,9528.81,9481.46
12/18/2023,9475.25,9479.11,9497.69,9419.26
12/15/2023,9483.86,9461.77,9544.62,9439.63
12/14/2023,9404.68,9372.79,9463.04,9317.42
12/13/2023,9311.25,9205.51,9336.31,9161.58
12/12/2023,9184.73,9067.74,9186.79,9061.55
12/11/2023,9095.48,8930.94,9119.73,8927.96
12/8/2023,8887.07,8794.34,8906.64,8790.8
12/7/2023,8847,8740.39,8861.9,8719.44
12/6/2023,8686.94,8824.41,8830.03,8679.9
12/5/2023,8749.09,8690.52,8750.91,8665.54
12/4/2023,8767.82,8785.59,8791.24,8637.88
12/1/2023,8878.94,8797.75,8883.24,8759.92
11/30/2023,8850.47,8898.31,8924.81,8765.49
11/29/2023,8874.27,8872.32,8963.51,8863.59
11/28/2023,8739.96,8661.84,8753.15,8661.15
11/27/2023,8677.03,8662.55,8743.48,8642.86
11/24/2023,8692.1,8653.83,8693.02,8643.6
11/22/2023,8672.38,8718.37,8781.11,8662.79
11/21/2023,8671.45,8684.99,8709.26,8631.95
11/20/2023,8758.75,8639.63,8780.86,8639.09
11/17/2023,8619.83,8549.19,8637.61,8549.19
11/16/2023,8579.1,8513.6,8600.95,8510.3
11/15/2023,8575.3,8617.77,8657.75,8543.64
11/14/2023,8562.47,8466.36,8578.61,8460
11/13/2023,8289.88,8272.15,8314.17,8232.07
11/10/2023,8323.83,8116.3,8331.58,8104.76
11/9/2023,8065.14,8158.98,8223.92,8055.13
11/8/2023,8121.16,8107.65,8156.4,8070.8
11/7/2023,8103.45,8037.2,8148.67,7999.3
11/6/2023,7946.66,7995.73,8003.12,7873.97
11/3/2023,7976.96,7825.13,8019.49,7820.9
11/2/2023,7838.19,7836.64,7854.23,7759.11
11/1/2023,7715.48,7632.18,7720.82,7584.52
10/31/2023,7610.08,7568.77,7622.3,7484.55
10/30/2023,7548.65,7575.56,7610.17,7494.64
10/27/2023,7579.22,7616.58,7648.57,7553.42
10/26/2023,7528.82,7623.79,7691.19,7485.81
10/25/2023,7599.63,7800.58,7806.54,7582.56
10/24/2023,7884.52,7834.61,7909.24,7793.37
10/23/2023,7784.73,7761.86,7891.3,7689.46
10/20/2023,7801,7932.6,7957.73,7782.72
10/19/2023,7946.53,8113.5,8116.67,7923.48
10/18/2023,8048.35,8076.08,8136.33,8025.17
10/17/2023,8167.07,8055.22,8212.71,8035.29
10/16/2023,8179.34,8102.44,8211.49,8099.39
10/13/2023,8074.41,8238.35,8240.45,8043.64
10/12/2023,8223.82,8274.32,8341.24,8162.28
10/11/2023,8259.81,8246.3,8287.68,8187.04
10/10/2023,8216.13,8149.45,8281.49,8139.76
10/9/2023,8126.18,8028.02,8145.24,7998.19
10/6/2023,8093.7,7821.5,8125.11,7798.79
10/5/2023,7873.29,7904.44,7911.05,7784.67
10/4/2023,7907.02,7842.12,7925.36,7799.86
10/3/2023,7800.08,7927.38,8006.2,7760.53
10/2/2023,7997.33,7955.87,8046.14,7925.26
9/29/2023,7939.24,8021.27,8061.96,7923.89
9/28/2023,7901.66,7758.41,7968.27,7737.46
9/27/2023,7812.89,7808.8,7864.43,7714.02
9/26/2023,7753.67,7822.55,7835.23,7723.12
9/25/2023,7877.51,7810.83,7878.52,7786.48
9/22/2023,7855.83,7852.2,7935.81,7832.35
9/21/2023,7794.94,7862.61,7909.25,7793.51
9/20/2023,7955.84,8095.82,8138.35,7954.77
9/19/2023,8077.8,8080.51,8094.07,7999.15
9/18/2023,8126.2,8042.32,8145.8,8041.11
9/15/2023,8087.28,8244.23,8252.24,8054.02
9/14/2023,8304,8304.95,8328.37,8216.21
9/13/2023,8243.21,8221.86,8303.3,8211.67
9/12/2023,8221.6,8256.18,8348.69,8221.3
9/11/2023,8339.63,8339.7,8351.7,8244.38
9/8/2023,8264.27,8269.14,8319.58,8240.27
9/7/2023,8280.9,8229.89,8300.63,8181.99
9/6/2023,8376.86,8368.41,8444.32,8307.17
9/5/2023,8402.31,8334.08,8438.37,8313.27
9/1/2023,8373.53,8378.38,8405.9,8317.24
8/31/2023,8323.5,8251.08,8353.82,8250.95
8/30/2023,8231.31,8157.9,8243.09,8125.17
8/29/2023,8163.89,7946.26,8175.43,7940.37
8/28/2023,7951,7952.46,7984.08,7901.41
8/25/2023,7896.52,7803.26,7924.49,7729.81
8/24/2023,7796.57,8135.17,8135.5,7792.29
8/23/2023,8020.14,7868.09,8046.33,7866.99
8/22/2023,7874.05,7989.85,7990,7854.54
8/21/2023,7915.82,7805.92,7930.86,7804.17
8/18/2023,7732.52,7610.98,7759.06,7601.8
8/17/2023,7705.63,7842.52,7842.72,7695.54
8/16/2023,7795.55,7893.18,7922.7,7793.81
8/15/2023,7905.43,7992.95,8007.42,7889.69
8/14/2023,8034.49,7839.51,8034.96,7834.4
8/11/2023,7886.57,7903.17,7962.95,7866.76
8/10/2023,8004.93,8070.81,8165.58,7953.93
8/9/2023,7974.86,8077.41,8084.76,7943.79
8/8/2023,8075.65,8042.26,8087.61,7970.92
8/7/2023,8226.76,8222.08,8239.71,8147.89
8/4/2023,8171.31,8248.56,8294.22,8135.68
8/3/2023,8263.06,8187.22,8299,8173.23
8/2/2023,8256.74,8459.23,8459.23,8204.65
8/1/2023,8597.36,8523.77,8615.05,8496.2
7/31/2023,8587.41,8569.58,8616.69,8542.69
7/28/2023,8522.97,8480.55,8535.54,8443
7/27/2023,8351.02,8467.77,8525.18,8311.61
7/26/2023,8271.05,8242.97,8321.89,8204.87
7/25/2023,8323.08,8250.75,8361.55,8250.75
7/24/2023,8200.72,8232.77,8252.83,8150.37
7/21/2023,8212.57,8236.79,8289.49,8188.95
7/20/2023,8155.17,8334.59,8366.42,8134.27
7/19/2023,8441.78,8516.14,8537.66,8413.88
7/18/2023,8474.95,8417.52,8500.02,8359.62
7/17/2023,8442.15,8283.09,8474.65,8265.51
7/14/2023,8286.71,8331.49,8399.22,8262.21
7/13/2023,8326.95,8223.01,8340.91,8215.77
7/12/2023,8142.29,8192.14,8193.89,8081.79
7/11/2023,8075.32,8084.02,8095.71,7981.49
7/10/2023,8054.85,7892.93,8059.78,7892.53
7/7/2023,7884.12,7885.72,7983.69,7872.92
7/6/2023,7882.23,7872.46,7888.28,7795.28
7/5/2023,7995.85,8016.77,8055.54,7990.01
7/3/2023,8073.74,8056.14,8079.99,8009.88
6/30/2023,8048.89,8013.28,8078.74,8006.4
6/29/2023,7937.73,7966.15,7966.25,7887.1
6/28/2023,7954.44,7901.21,8014,7888.41
6/27/2023,7970.22,7785.86,7987.78,7773.95
6/26/2023,7746.33,7778.5,7887.27,7744.85
6/23/2023,7763.61,7754.57,7805.57,7718.33
6/22/2023,7876.44,7758.92,7885.19,7754.63
6/21/2023,7818.08,7978.09,7990.5,7814.22
6/20/2023,8007.09,8025.31,8080.68,7939.94
6/16/2023,8081.74,8227.48,8232.25,8077.59
6/15/2023,8164.63,8044.07,8205.8,8034.24
6/14/2023,8101,8019.16,8102.11,7962.69
6/13/2023,8048.76,8067.72,8078.12,7960.42
6/12/2023,7955.17,7806.32,7957.21,7801.44
6/9/2023,7742.95,7791.67,7852.35,7701.78
6/8/2023,7722.8,7634.88,7743.23,7629.42
6/7/2023,7633.25,7827.24,7846.02,7616.02
6/6/2023,7791.79,7713.49,7836.96,7697.15
6/5/2023,7736.64,7735.59,7780.92,7661.57
6/2/2023,7758.52,7815.49,7835.96,7712.12
6/1/2023,7727.96,7604.73,7792.73,7577.05
5/31/2023,7643.05,7628.85,7702.11,7601.05
5/30/2023,7716.57,7846.21,7868.92,7678.07
5/26/2023,7700.76,7463.29,7725.95,7459.71
5/25/2023,7334.66,7266.81,7359.96,7196.03
5/24/2023,7082.28,7058.96,7115.8,7035.88
5/23/2023,7152.01,7211.39,7249.87,7149.8
5/22/2023,7267.82,7187.22,7290.49,7178.79
5/19/2023,7206.24,7225.92,7234.63,7174.28
5/18/2023,7225.46,7062.14,7233.73,7060.44
5/17/2023,7035.5,6937.41,7049.9,6901.03
5/16/2023,6901.34,6893.19,6948.26,6893.07
5/15/2023,6928.55,6781.03,6928.75,6775.22
5/12/2023,6777.36,6791.75,6801.57,6720.53
5/11/2023,6784.06,6814.29,6816.36,6739.03
5/10/2023,6805.91,6786.45,6829.51,6743.12
5/9/2023,6702.69,6709.66,6735.04,6690.71
5/8/2023,6762.17,6750.11,6768.99,6694.1
5/5/2023,6712.4,6614.47,6732.25,6610.63
5/4/2023,6607.96,6589.32,6664.25,6579.29
5/3/2023,6591.67,6634.08,6698.28,6587.92
5/2/2023,6641.61,6725.04,6731.9,6606.91
5/1/2023,6722.09,6699.59,6739.45,6685.39
4/28/2023,6714.22,6660.72,6715.01,6623.16
4/27/2023,6666.49,6621.46,6679.21,6552.95
4/26/2023,6554.42,6585.43,6634.36,6531.95
4/25/2023,6494.21,6659.34,6661.98,6493.59
4/24/2023,6734.73,6767.3,6794.33,6688.47
4/21/2023,6773.3,6780.05,6798.71,6719.28
4/20/2023,6800.49,6767.7,6879.8,6767.7
4/19/2023,6836.03,6808.14,6856.83,6795.09
4/18/2023,6889.75,6958.03,6972.02,6855.59
4/17/2023,6886.91,6842.94,6889.03,6821.64
4/14/2023,6887.87,6873.51,6948.4,6815.13
4/13/2023,6912.85,6835.76,6932.9,6833.55
4/12/2023,6806.47,6947.42,6965.77,6799.31
4/11/2023,6886.25,6913.42,6931.93,6870.83
4/10/2023,6913.74,6786.99,6916.88,6772.3
4/6/2023,6851.38,6777.85,6870.45,6732.37
4/5/2023,6843.21,6937.27,6941.4,6794.19
4/4/2023,6992.29,7083.99,7089.88,6963.57
4/3/2023,7064.56,7065.48,7086.91,7002.3
3/31/2023,7129.2,6988.64,7133.35,6985.57
3/30/2023,7006.71,6983.91,7040.81,6965.25
3/29/2023,6907.48,6834.05,6929.76,6818.77
3/28/2023,6737.38,6767.04,6767.07,6673.8
3/27/2023,6779.43,6847.79,6880.6,6753.17
3/24/2023,6831.23,6862.69,6870.56,6756.96
3/23/2023,6900.72,6847.68,6985.83,6812.35
3/22/2023,6738.61,6855.66,6972.87,6736.08
3/21/2023,6861.57,6831.56,6884.03,6766.76
3/20/2023,6783.62,6754.96,6795.63,6696.43
3/17/2023,6785.48,6823.75,6883.45,6746.26
3/16/2023,6831.42,6590.53,6841.63,6589.47
3/15/2023,6609.42,6557.57,6623.56,6499.67
3/14/2023,6632.84,6569.39,6644.05,6540.68
3/13/2023,6466.73,6361.62,6544.48,6320.8
3/10/2023,6432.29,6568.75,6599.02,6404.8
3/9/2023,6562.77,6699.2,6790.36,6553.35
3/8/2023,6713.4,6654.95,6723.93,6626.81
3/7/2023,6623.64,6709.74,6749.64,6603.88
3/6/2023,6707.66,6763.85,6830.68,6700.83
3/3/2023,6736.69,6629.78,6745.26,6613.46
3/2/2023,6646.84,6490.05,6669.2,6479.57
3/1/2023,6552.7,6606.34,6651.49,6542.9
2/28/2023,6594.16,6575.12,6658.63,6567.85
2/27/2023,6572.33,6622.06,6649.51,6564.05
2/24/2023,6529.77,6522.88,6572.14,6491.51
2/23/2023,6669.86,6695.86,6697.3,6557.18
2/22/2023,6533.84,6539.42,6590.33,6493.58
2/21/2023,6494.79,6568.89,6627.25,6489.85
2/17/2023,6682.69,6721.29,6740.07,6620.64
2/16/2023,6783.92,6818.54,6898.35,6777.75
2/15/2023,6981.96,6882.44,6983.42,6835.69
2/14/2023,6909.07,6735.81,6928.44,6714.5
2/13/2023,6784.28,6716.24,6799.37,6668.39
2/10/2023,6674.58,6688.56,6711.15,6608.11
2/9/2023,6763.83,6907.89,6935.4,6730.38
2/8/2023,6792.73,6915.85,6952.02,6783.83
2/7/2023,6912.81,6720.19,6941.84,6695.22
2/6/2023,6710.16,6714.59,6805.94,6687.5
2/3/2023,6823.53,6792.5,6962.75,6792.22
2/2/2023,6999.11,6933.75,7060.9,6887.6
2/1/2023,6759.07,6507.09,6810.73,6501.33
1/31/2023,6484.28,6368.18,6485.55,6359.77
1/30/2023,6363.26,6434.2,6466.63,6362.61
1/27/2023,6530.6,6430.25,6576.98,6428.63
1/26/2023,6525.36,6461.93,6528.86,6381.74
1/25/2023,6356.21,6234,6374.93,6176.34
1/24/2023,6372.96,6363.09,6428.2,6343.84
1/23/2023,6418.57,6228.76,6429.62,6216.53
1/20/2023,6206.22,6045.74,6211.73,6030.84
1/19/2023,6000.51,6047.28,6081.04,5982.27
1/18/2023,6091.3,6239.84,6284.73,6088.06
1/17/2023,6176.48,6125.88,6194.5,6110.27
1/13/2023,6150.9,6044.35,6155.74,6044.35
1/12/2023,6111.51,6077.69,6137.27,5959.36
1/11/2023,6066.5,5985.85,6068.03,5945.14
1/10/2023,5970,5899.82,5973.47,5867.28
1/9/2023,5930.8,5917.87,6040.9,5898.06
1/6/2023,5828.48,5705.37,5855.14,5615.79
1/5/2023,5647.49,5714.31,5725.19,5642.31
1/4/2023,5801,5811.74,5844.7,5728.25
1/3/2023,5713.33,5855.06,5880.48,5666.97
12/30/2022,5751.76,5674.85,5754.01,5652.53
12/29/2022,5765.56,5652.59,5779.86,5633.15
12/28/2022,5582.57,5638.63,5691.86,5567.6
12/27/2022,5662.57,5698.1,5706.04,5628.58
12/23/2022,5735.32,5695.92,5739.63,5645.42
12/22/2022,5737.92,5838.18,5843.38,5637.81
12/21/2022,5949.47,5868.57,5977.35,5839.64
12/20/2022,5862.82,5801.47,5899.83,5789.95
12/19/2022,5865.13,5954.32,5960.94,5825.76
12/16/2022,5970.97,5987.18,6034.21,5926.4
12/15/2022,6006.03,6142.1,6161.84,5985.36
12/14/2022,6249.53,6312.38,6386.02,6180.89
12/13/2022,6309.91,6494.25,6509.49,6234.07
12/12/2022,6189.58,6045.18,6190.55,6040.73
12/9/2022,6057.02,6072.28,6141.29,6034.97
12/8/2022,6084.19,5972.51,6107.17,5941.56
12/7/2022,5942.38,5935.58,5988.04,5898.45
12/6/2022,5964.69,6089.12,6093.62,5923.12
12/5/2022,6094.49,6196.65,6213.59,6053.58
12/2/2022,6233.76,6152.09,6251.04,6133.98
12/1/2022,6327.92,6297.09,6376.66,6235.38
11/30/2022,6252.48,5931.01,6253.42,5912.32
11/29/2022,5940.89,5994.26,6009.31,5916.35
11/28/2022,5978.94,6040.82,6104.88,5953.21
11/25/2022,6092.73,6104.95,6129.71,6092.73
11/23/2022,6150.59,6051.39,6174.09,6050.23
11/22/2022,6072.85,5982.25,6075.63,5916.53
11/21/2022,5965.15,5988.69,6017.56,5943.31
11/18/2022,6059.44,6184.92,6185.18,6001.18
11/17/2022,6078.71,5968.03,6121.26,5958.8
11/16/2022,6121.2,6221.14,6235.34,6097.02
11/15/2022,6344.14,6404.52,6417.52,6262.09
11/14/2022,6165.01,6217.33,6265.33,6143.7
11/11/2022,6262.31,6048.92,6292.43,6015.69
11/10/2022,6045.31,5845.9,6051.38,5797.69
11/9/2022,5470.85,5553.26,5560.38,5462.78
11/8/2022,5629.29,5605.19,5720.51,5530.14
11/7/2022,5534.65,5473.87,5548.53,5401.62
11/4/2022,5425,5502.41,5502.41,5303.27
11/3/2022,5392.93,5430.36,5507.59,5366.06
11/2/2022,5548.82,5831.87,5861.25,5548.01
11/1/2022,5796.6,5946.55,5957.3,5789.51
10/31/2022,5821.62,5857.74,5874.74,5787.48
10/28/2022,5903.86,5740.18,5911.43,5725.27
10/27/2022,5734.8,5852.24,5881.55,5728.08
10/26/2022,5810.77,5775.66,5972.19,5757.9
10/25/2022,5924.92,5812.71,5929.05,5812.71
10/24/2022,5762.62,5733.6,5781.66,5611.74
10/21/2022,5734.36,5563.08,5745.3,5521.11
10/20/2022,5598.38,5600.02,5750.07,5563.22
10/19/2022,5571.38,5560.77,5651.01,5526.99
10/18/2022,5610.14,5737.05,5751.34,5536.09
10/17/2022,5545.6,5539.28,5581.59,5516.73
10/14/2022,5350.93,5624.56,5633.3,5343.23
10/13/2022,5558.24,5240.49,5610.08,5198.43
10/12/2022,5456.5,5486.51,5518.97,5417.31
10/11/2022,5484.99,5574.29,5598.36,5431.04
10/10/2022,5636.48,5805.36,5808.98,5578.65
10/7/2022,5811.34,5958.78,5981.21,5783.86
10/6/2022,6120.18,6156.01,6229.73,6097.21
10/5/2022,6162.96,6026.56,6205.19,5972.9
10/4/2022,6130.42,6087.42,6149.37,6069.8
10/3/2022,5909.86,5792.9,5954.65,5761.52
9/30/2022,5723.83,5786.2,5916.52,5721.8
9/29/2022,5813.07,5846.8,5864.34,5744.56
9/28/2022,5946.43,5813.62,5971.46,5799.76
9/27/2022,5825,5887.69,5926.57,5747.77
9/26/2022,5776.55,5847.06,5937.34,5772.68
9/23/2022,5838.36,5870,5885.78,5755.15
9/22/2022,5917.4,6011.29,6042.1,5901.89
9/21/2022,6052.12,6168.28,6312.04,6051.22
9/20/2022,6142.52,6166.75,6205.3,6107.51
9/19/2022,6223.62,6119.81,6232.07,6119.67
9/16/2022,6181.01,6156.56,6191.12,6088.86
9/15/2022,6256.08,6313.22,6417.7,6220.46
9/14/2022,6395.8,6396.47,6431.31,6321.42
9/13/2022,6361.66,6477.21,6530.43,6348.03
9/12/2022,6758.84,6716.47,6772.83,6685.64
9/9/2022,6685.85,6585.79,6700.94,6585.32
9/8/2022,6462.82,6288.41,6477.41,6279.37
9/7/2022,6368.43,6259.03,6399.4,6214.88
9/6/2022,6238.69,6293.73,6319.09,6198.14
9/2/2022,6304,6444.98,6495.38,6271.99
9/1/2022,6366.79,6378.79,6394.44,6215.12
8/31/2022,6534.08,6647.75,6676.54,6498.28
8/30/2022,6579.53,6694.05,6710.44,6499.23
8/29/2022,6631.78,6667.83,6755.42,6626.56
8/26/2022,6739.06,7060.89,7068.31,6736.74
8/25/2022,7060.97,6940.41,7063.88,6921.25
8/24/2022,6896.54,6881.55,6943.51,6849.63
8/23/2022,6865.54,6880.46,6973.55,6853.13
8/22/2022,6858.11,6942,6979.18,6837.69
8/19/2022,7079.63,7178.16,7206.02,7047.58
8/18/2022,7289.57,7238.33,7322.54,7207.34
8/17/2022,7242.75,7300.61,7310.37,7175.55
8/16/2022,7413.67,7420.41,7462,7312.36
8/15/2022,7489.94,7405.46,7508.58,7395.54
8/12/2022,7442.35,7325.5,7443.27,7287.8
8/11/2022,7259.5,7400.6,7481.96,7244.59
8/10/2022,7328.4,7273.59,7339.53,7217.44
8/9/2022,7049.68,7133.21,7161.55,6995.77
8/8/2022,7261.84,7255.2,7400.57,7225.34
8/5/2022,7286.71,7148.05,7317.61,7148.05
8/4/2022,7277.56,7213.69,7279.85,7151.15
8/3/2022,7264.66,7066.47,7278.2,7064.78
8/2/2022,7070.6,6968.82,7156.81,6968.82
8/1/2022,7061.76,6956.95,7139.18,6923.84
7/29/2022,7032.79,6899.35,7048.23,6877.07
7/28/2022,6953.46,6832.38,6960.68,6738.56
7/27/2022,6857.91,6701.29,6899.09,6652.05
7/26/2022,6549.77,6712.3,6720.01,6526.07
7/25/2022,6746.17,6782.87,6792.36,6686.39
7/22/2022,6818.36,6959.53,7040.42,6776.01
7/21/2022,6988.77,6879.5,6989.11,6819.52
7/20/2022,6877.57,6698.1,6906.45,6671.38
7/19/2022,6668,6534.71,6673.88,6483.56
7/18/2022,6425.85,6561.75,6591.58,6398.41
7/15/2022,6472.72,6390.34,6474.75,6322.24
7/14/2022,6316.86,6284.42,6351.86,6151.68
7/13/2022,6324.95,6183.38,6387.27,6162.89
7/12/2022,6329.99,6507.27,6551.13,6290.75
7/11/2022,6450.57,6529.94,6550.31,6406.77
7/8/2022,6628.8,6510.31,6679.02,6491.91
7/7/2022,6627.6,6492.8,6645.7,6492.8
7/6/2022,6428.39,6429.93,6483.98,6355.08
7/5/2022,6407.35,6147.09,6408.27,6114.24
7/1/2022,6252.36,6219.61,6267.99,6137.44
6/30/2022,6248.3,6278.61,6354.88,6134.89
6/29/2022,6358.35,6363.17,6404.33,6290.29
6/28/2022,6398.59,6634.91,6699.94,6392.68
6/27/2022,6627.8,6737.02,6755.85,6599.4
6/24/2022,6705.29,6508.83,6708.2,6497.83
6/23/2022,6408.38,6343.13,6429.35,6258.5
6/22/2022,6272.64,6207.86,6389.14,6206.75
6/21/2022,6298.53,6267.59,6386.61,6261.33
6/17/2022,6144.5,6095,6195.9,6016.19
6/16/2022,6054.97,6204.6,6225.66,6002.79
6/15/2022,6407.79,6336.2,6509.73,6256.54
6/14/2022,6243.29,6285.75,6312.83,6180.12
6/13/2022,6209.25,6361.58,6426.16,6191.83
6/10/2022,6606.77,6744.9,6771.39,6585.04
6/9/2022,6913.93,7061.25,7158.64,6912.65
6/8/2022,7122.28,7184,7239.41,7088.31
6/7/2022,7205.87,7001.87,7220.96,6978.86
6/6/2022,7089.9,7211.51,7240.37,7048.67
6/3/2022,7075.81,7131.19,7200.08,7043.4
6/2/2022,7280.76,6963.54,7285.61,6956
6/1/2022,6976.81,7114.5,7164.41,6907.43
5/31/2022,7042.38,7136.29,7136.29,6974.86
5/27/2022,7137.76,6973.28,7138.81,6971.63
5/26/2022,6856.29,6584.23,6894.71,6580.71
5/25/2022,6619.61,6430.53,6677.51,6420.55
5/24/2022,6455.23,6547.43,6570,6378.9
5/23/2022,6664,6594.82,6677.11,6521.34
5/20/2022,6614.28,6730.51,6733.71,6369.67
5/19/2022,6570.18,6494.56,6698.27,6456.4
5/18/2022,6480.95,6705.99,6765.93,6460.67
5/17/2022,6829.82,6813.07,6860.57,6656.37
5/16/2022,6628.37,6714.92,6780.08,6612.72
5/13/2022,6802.13,6576.1,6834.48,6562.59
5/12/2022,6437.17,6271.12,6530.71,6227.87
5/11/2022,6379.42,6536.19,6722.39,6365.28
5/10/2022,6618.76,6698.16,6733.2,6430.23
5/9/2022,6484.09,6708.12,6779.89,6452.73
5/6/2022,6879.38,6987.29,7063.86,6776.11
5/5/2022,7064.25,7377.44,7383.53,6976.5
5/4/2022,7501.61,7251.49,7506.89,7026.24
5/3/2022,7259.84,7240.83,7336.88,7195.45
5/2/2022,7282.94,7098.8,7286.32,7054.31
4/29/2022,7102.07,7350.68,7486.46,7092.89
4/28/2022,7454.66,7277.77,7519.98,7155.24
4/27/2022,7102.03,7082.06,7269.31,7067.98
4/26/2022,7124.14,7352.97,7363.29,7123.38
4/25/2022,7420.7,7192.45,7425.81,7192.41
4/22/2022,7245.12,7436.29,7482,7240.3
4/21/2022,7435.33,7792.53,7874.29,7407.27
4/20/2022,7702.8,7892.24,7921.48,7690.69
4/19/2022,7819.04,7583.58,7833.71,7549.33
4/18/2022,7615.64,7584.87,7679.6,7522.05
4/14/2022,7624.25,7864.77,7864.77,7619.78
4/13/2022,7856.57,7662.63,7886.73,7641.52
4/12/2022,7641.8,7856.53,7920.54,7613.8
4/11/2022,7694.51,7720,7779.54,7668.37
4/8/2022,7836.41,7911.61,7957.67,7826.75
4/7/2022,7995.45,7940.41,8069.05,7849.73
4/6/2022,7972.08,8020.42,8080.59,7904.82
4/5/2022,8192.38,8464.47,8472.75,8168.97
4/4/2022,8495.52,8354.2,8498.61,8339.46
4/1/2022,8302.16,8367.53,8385.14,8204.56
3/31/2022,8320.06,8430.51,8486.15,8317.92
3/30/2022,8436.85,8556.8,8621.18,8395.62
3/29/2022,8625.33,8561.96,8646.96,8456.83
3/28/2022,8432.89,8280.91,8434.39,8221.7
3/25/2022,8296.72,8357.67,8374.28,8163.03
3/24/2022,8366.91,8173.35,8368.52,8089.74
3/23/2022,8112.29,8182.65,8297.91,8094.92
3/22/2022,8307.61,8124.36,8378.14,8120.17
3/21/2022,8137.68,8129.65,8209.85,7990.74
3/18/2022,8198.84,7924.05,8211.46,7900.4
3/17/2022,7964.4,7768.17,7965.77,7733.02
3/16/2022,7852.5,7591.39,7854.03,7500.45
3/15/2022,7431.49,7252.99,7443.21,7190.19
3/14/2022,7193.06,7393.98,7452.21,7148.46
3/11/2022,7440.16,7744.43,7748.55,7431.74
3/10/2022,7688.81,7711.83,7732.75,7569.35
3/9/2022,7839.27,7723.7,7874.66,7657.27
3/8/2022,7489.4,7460.99,7723.78,7353.2
3/7/2022,7492.44,7918.34,7944.93,7490.24
3/4/2022,7883.91,8052.53,8104.06,7820.44
3/3/2022,8080.89,8315.95,8333.96,8028.52
3/2/2022,8295.85,8176.07,8325.47,8061.63
3/1/2022,8123.38,8298.72,8350.82,8062.66
2/28/2022,8277.56,8195.26,8353,8140.98
2/25/2022,8242.19,8105.19,8245.18,7989.44
2/24/2022,8158.97,7478.76,8168.17,7467.81
2/23/2022,7753.33,8076.7,8109.06,7747.85
2/22/2022,7951.88,7912.74,8109.55,7861.5
2/18/2022,7985.25,8142.87,8162.53,7925.49
2/17/2022,8131.54,8398.87,8402.31,8121.29
2/16/2022,8488.13,8438.91,8512.79,8342.94
2/15/2022,8541.59,8392.39,8552.27,8348.96
2/14/2022,8235.96,8232.94,8364.42,8146.41
2/11/2022,8221.38,8623.14,8665.07,8173.06
2/10/2022,8586.1,8594.16,8858.11,8540.88
2/9/2022,8776.54,8626.69,8778.53,8551.43
2/8/2022,8487.92,8295.13,8509.98,8288.27
2/7/2022,8344.12,8399.98,8515.43,8315.86
2/4/2022,8389.05,8249.56,8464.35,8183.13
2/3/2022,8259.61,8408.71,8525.76,8236.09
2/2/2022,8670.14,8710.29,8721.91,8534.74
2/1/2022,8594.73,8587.72,8604.56,8396.05
1/31/2022,8542.9,8190.49,8545.19,8146.42
1/28/2022,8134.19,7904.19,8135.76,7717.36
1/27/2022,7868.57,8179.57,8200.68,7852.39
1/26/2022,8053.92,8257.39,8402.29,7958.73
1/25/2022,8029.52,8167.59,8226.79,7995.51
1/24/2022,8370.66,8052.33,8378.92,7798.47
1/21/2022,8235.05,8387.42,8547.86,8221.02
1/20/2022,8447.7,8678.42,8792.1,8442.14
1/19/2022,8575.2,8739.95,8847.87,8571.48
1/18/2022,8678.99,8799.25,8900.32,8660.19
1/14/2022,8983.2,8793.59,8985.82,8793.03
1/13/2022,8858.22,9241.28,9263.7,8841.69
1/12/2022,9167.65,9240.96,9301.39,9093.14
1/11/2022,9146.78,8936.79,9155.74,8894.86
1/10/2022,8991.2,8771.77,8998.4,8632.17
1/7/2022,8939.64,9100.36,9187.13,8887.25
1/6/2022,9117.75,8995.12,9195.2,8952.44
1/5/2022,9044.62,9304.37,9384.96,9039.45
1/4/2022,9408.16,9558.84,9560.19,9239.37
1/3/2022,9565.42,9596.48,9649.77,9450.44
12/31/2021,9575.39,9621.65,9666.88,9572.46
12/30/2021,9637.17,9658.53,9739.17,9626.76
12/29/2021,9656.89,9660.66,9693.5,9583.28
12/28/2021,9657.73,9790.93,9793.42,9629.86
12/27/2021,9764.9,9620.22,9766.72,9620.22
12/23/2021,9584.75,9523.3,9619.46,9509.78
12/22/2021,9508.17,9391.73,9510.28,9354.35
12/21/2021,9431.28,9263.66,9439.37,9136.51
12/20/2021,9113.24,9056.32,9166.34,9044.56
12/17/2021,9219.35,9096.7,9312.58,9065.02
12/16/2021,9194.33,9548.15,9548.15,9138.36
12/15/2021,9521.55,9250.65,9528.76,9141.61
12/14/2021,9240.21,9231.58,9298.36,9132.51
12/13/2021,9373.76,9522.73,9540.56,9368.47
12/10/2021,9518.14,9564.39,9613.04,9429.64
12/9/2021,9448.1,9601.93,9684.01,9442.01
12/8/2021,9646.89,9582.88,9664.98,9529
12/7/2021,9612.73,9452.45,9641.89,9452.45
12/6/2021,9246.26,9165.75,9261.52,9006.86
12/3/2021,9175.67,9389.61,9429.34,9057.02
12/2/2021,9371.55,9238.76,9430.2,9213.31
12/1/2021,9275.78,9596.55,9632.56,9266.17
11/30/2021,9446.78,9637.57,9693.73,9415.64
11/29/2021,9670.75,9541.23,9683.74,9479.6
11/26/2021,9402.53,9511.59,9572.61,9371.95
11/24/2021,9595.7,9420.25,9598.65,9360.17
11/23/2021,9539.67,9552.34,9631.24,9394.58
11/22/2021,9627.24,9866.63,9926.23,9621.79
11/19/2021,9846.56,9888.6,9926.87,9836.71
11/18/2021,9840.05,9876.62,9886.06,9768.13
11/17/2021,9801.55,9860.18,9860.18,9778.84
11/16/2021,9855.42,9698.48,9866.36,9686.78
11/15/2021,9712.2,9787.83,9792.02,9648.82
11/12/2021,9786.5,9696.99,9798.29,9683.78
11/11/2021,9651.02,9644.83,9681.88,9621.32
11/10/2021,9545.32,9686.84,9766.68,9515.13
11/9/2021,9803.21,9823.24,9848.32,9713.8
11/8/2021,9772.17,9722.33,9807.71,9695.54
11/5/2021,9679.81,9706.63,9759.71,9624.98
11/4/2021,9672.77,9513.61,9685.01,9503.06
11/3/2021,9454.48,9396.48,9460.49,9331.7
11/2/2021,9383.3,9322.37,9386.13,9319.31
11/1/2021,9316.98,9271.09,9318.76,9253.63
10/29/2021,9276.33,9177.1,9290.44,9177.06
10/28/2021,9202.14,9174.81,9217.77,9148.99
10/27/2021,9104.31,9166.07,9229.63,9103.84
10/26/2021,9192.87,9288.83,9307.25,9179.26
10/25/2021,9220.59,9190.72,9259.35,9168.18
10/22/2021,9177.47,9213.25,9277.89,9142.96
10/21/2021,9229.08,9075.2,9234.29,9073.95
10/20/2021,9109.33,9139.35,9154.11,9078.77
10/19/2021,9118.54,9043.08,9120.38,9009.26
10/18/2021,9020.87,8871.3,9024.55,8857.76
10/15/2021,8910.62,8905.83,8919.36,8868.24
10/14/2021,8876.33,8807.68,8887.49,8794.54
10/13/2021,8681.94,8637.46,8706.53,8621.53
10/12/2021,8555.16,8616.02,8632.68,8535.04
10/11/2021,8574.08,8587.31,8695.59,8567.44
10/8/2021,8626.6,8730.78,8733.63,8616.1
10/7/2021,8691.96,8687.38,8785.58,8682.36
10/6/2021,8591.08,8434.69,8597.01,8424
10/5/2021,8535.95,8464.51,8583.41,8445.78
10/4/2021,8413.37,8584.73,8585.49,8360.53
10/1/2021,8652.14,8647.62,8680.71,8517.01
9/30/2021,8606.64,8660.72,8719.55,8604.56
9/29/2021,8600.46,8729.93,8753.36,8590.01
9/28/2021,8697.6,8873.07,8919.3,8696.24
9/27/2021,9032.04,9024.41,9059.06,8950.11
9/24/2021,9115.73,9051,9124.7,9029.9
9/23/2021,9107.76,9054.69,9132.55,9021.92
9/22/2021,9011.24,8924.08,9034.94,8896.39
9/21/2021,8898.14,8942.08,8954.04,8846.78
9/20/2021,8885.12,8913.93,8970.27,8766.67
9/17/2021,9090.14,9188.19,9191.51,9053.94
9/16/2021,9213.78,9131.07,9230.85,9103.66
9/15/2021,9177.52,9111.67,9178.5,9063.55
9/14/2021,9101.39,9142.26,9169.19,9078.87
9/13/2021,9106.37,9167.12,9171.66,9031.63
9/10/2021,9119.42,9193.01,9242.88,9115.75
9/9/2021,9124.3,9112.29,9163.04,9111.21
9/8/2021,9111.59,9166.71,9169.69,9059.07
9/7/2021,9181.52,9233.07,9236.05,9141.45
9/3/2021,9209.93,9139.33,9242.32,9136.2
9/2/2021,9157.98,9165.16,9174.88,9111.96
9/1/2021,9131.82,9164.67,9193.56,9126.42
8/31/2021,9139.07,9185.77,9186.42,9105.49
8/30/2021,9228.96,9224.33,9266.19,9197.75
8/27/2021,9181.58,9056.07,9193.87,9055.82
8/26/2021,9026.65,9041.85,9079.89,8993.29
8/25/2021,9063.6,9063.42,9093.34,9027.69
8/24/2021,9025.84,9008.22,9034.27,9001.39
8/23/2021,8970.53,8853.63,8982.36,8853.63
8/20/2021,8789.64,8739.31,8799.88,8726.08
8/19/2021,8716.82,8597.83,8747.13,8585.34
8/18/2021,8642.46,8697.46,8751.56,8636.68
8/17/2021,8720.57,8754.07,8764.95,8661.6
8/16/2021,8829.44,8851.83,8867.65,8753.61
8/13/2021,8877.38,8842.98,8896.26,8826.49
8/12/2021,8849.59,8818.04,8869.74,8781.49
8/11/2021,8870.9,8901.07,8919.66,8792.7
8/10/2021,8861.85,8992.23,9004.25,8845.8
8/9/2021,8965.95,9008.09,9013.53,8942.53
8/6/2021,8990.16,8987.55,9026.83,8962.13
8/5/2021,9040.84,9011.69,9043.86,8978.05
8/4/2021,9021.82,8955.75,9047.17,8929.96
8/3/2021,8942.27,8917.52,8956.23,8832.45
8/2/2021,8898.58,8886.17,8977.15,8864.51
7/30/2021,8886.17,8785.34,8917.47,8785.34
7/29/2021,8816.69,8729.52,8838.46,8726.37
7/28/2021,8710.08,8647.11,8735.66,8600.08
7/27/2021,8593.51,8700.33,8706.29,8446.3
7/26/2021,8726.62,8720.18,8737.24,8692.4
7/23/2021,8749.52,8691.44,8760.1,8638.54
7/22/2021,8663.96,8619.58,8665.2,8609.76
7/21/2021,8638.09,8491.92,8638.48,8481
7/20/2021,8480.42,8375.95,8535.23,8319.93
7/19/2021,8348.04,8286.49,8365.89,8254.98
7/16/2021,8395.54,8529.5,8550.19,8388.35
7/15/2021,8497,8577,8586.38,8437.02
7/14/2021,8590.57,8699.9,8730.83,8579.48
7/13/2021,8622.18,8626.54,8678.26,8593.19
7/12/2021,8637.37,8667.79,8680.27,8598.22
7/9/2021,8628.16,8520.08,8637.4,8483.36
7/8/2021,8525.18,8443.93,8554.77,8409.75
7/7/2021,8612.67,8742.18,8742.25,8581.49
7/6/2021,8675.65,8693.32,8715.08,8591.96
7/2/2021,8675.76,8664.5,8684.94,8644.21
7/1/2021,8607.37,8651.65,8673.19,8571.3
6/30/2021,8681.21,8713.91,8717.34,8659.17
6/29/2021,8721.4,8649.35,8724.42,8619.77
6/28/2021,8657.39,8569.24,8667.75,8568.77
6/25/2021,8508.85,8536.72,8551.05,8496.27
6/24/2021,8510.61,8468.55,8540.09,8468.45
6/23/2021,8398.18,8396.94,8440.57,8386.32
6/22/2021,8393.89,8325.84,8397.76,8314.08
6/21/2021,8307.34,8263.25,8319.91,8201.38
6/18/2021,8268.33,8322.16,8347.94,8241.1
6/17/2021,8341.21,8186.25,8379.15,8186.2
6/16/2021,8221.57,8277.29,8316.3,8131.46
6/15/2021,8261.02,8317.7,8338.01,8245.26
6/14/2021,8334.38,8251.53,8334.79,8223.71
6/11/2021,8240.84,8189.85,8241.46,8180.76
6/10/2021,8190.75,8076.74,8194.04,8065.78
6/9/2021,8069.16,8126.96,8140.18,8068.07
6/8/2021,8092.63,8171.54,8191.51,8051.63
6/7/2021,8101.67,8084.58,8110.69,8063.41
6/4/2021,8110.87,7990.98,8121.11,7989.03
6/3/2021,7908.54,7956.38,7975.82,7877.79
6/2/2021,8046.71,8018.68,8088.78,8014.12
6/1/2021,8025.76,8108.59,8146.26,7983.38
5/28/2021,8064.85,8068.7,8120.12,8052.1
5/27/2021,8019.88,8004.83,8057.62,7965.92
5/26/2021,8053.78,8052.04,8090.75,8018.44
5/25/2021,8033.21,8047.3,8078.94,8008.66
5/24/2021,8000.27,7924.4,8032.16,7917.23
5/21/2021,7850.01,7940.12,7941.52,7841.99
5/20/2021,7890.68,7745.92,7910.05,7745.28
5/19/2021,7690,7440.26,7694.86,7437.51
5/18/2021,7596.87,7695.61,7725.89,7593.62
5/17/2021,7644.71,7639.01,7652.15,7551.67
5/14/2021,7644.71,7597.86,7742.45,7546.04
5/13/2021,7503,7569.89,7618.22,7434.03
5/12/2021,7468.71,7560.48,7622.13,7447.41
5/11/2021,7718.93,7455.49,7745.27,7446.44
5/10/2021,7665.5,7871.06,7873.3,7664.87
5/7/2021,7939.98,7951.94,8023.95,7892.78
5/6/2021,7853.19,7804.04,7858.62,7722.34
5/5/2021,7859.23,7952.66,7961.7,7834.13
5/4/2021,7863.02,7910.74,7930.56,7745.15
5/3/2021,8022.73,8169.2,8170.3,8006.46
4/30/2021,8121.36,8174.66,8249.18,8110.95
4/29/2021,8286.6,8344.83,8346.96,8188.47
4/28/2021,8264.76,8311.04,8317.81,8258.65
4/27/2021,8321.07,8382.48,8382.6,8281.51
4/26/2021,8374.23,8269.17,8376.78,8255.5
4/23/2021,8259.33,8156.56,8281.24,8155.54
4/22/2021,8109.85,8209.56,8245.09,8081.27
4/21/2021,8213.29,8074.61,8215.01,8057.2
4/20/2021,8075.93,8136.51,8168.89,8034.08
4/19/2021,8164.64,8277.3,8320.5,8107.06
4/16/2021,8323.42,8363.83,8366.21,8297.96
4/15/2021,8377.7,8317.75,8385.59,8288.43
4/14/2021,8224.83,8330.04,8363.33,8208.58
4/13/2021,8328.01,8297.52,8342.12,8255.85
4/12/2021,8251.49,8254.37,8275.92,8212.06
4/9/2021,8304.74,8247.79,8309.62,8220.18
4/8/2021,8298.55,8270.16,8301.12,8235.06
4/7/2021,8173.75,8179.95,8205.63,8135.02
4/6/2021,8193.04,8209.76,8272.66,8156.89
4/5/2021,8245.2,8174.31,8256.52,8143.11
4/1/2021,8103.53,8012.23,8106.86,8002.37
3/31/2021,7866.84,7756.62,7923.14,7754.58
3/30/2021,7685.36,7668.97,7707.47,7602.55
3/29/2021,7724.81,7771.36,7791.16,7650.93
3/26/2021,7810.72,7546.87,7818.45,7538.76
3/25/2021,7547.22,7485.51,7586.41,7429.42
3/24/2021,7594.74,7809.28,7816.32,7592.3
3/23/2021,7734.92,7865.65,7867.11,7717.39
3/22/2021,7838.44,7769.91,7900.46,7762.2
3/19/2021,7681.99,7611.11,7745.33,7544.21
3/18/2021,7604.51,7766.28,7792.93,7598.79
3/17/2021,7906.74,7746.79,7959.74,7689.5
3/16/2021,7852.58,7864.62,7965.98,7808.52
3/15/2021,7803.38,7674.3,7806.76,7652.24
3/12/2021,7661,7629.2,7676.08,7554.19
3/11/2021,7780.59,7684.82,7820.2,7673.04
3/10/2021,7493.44,7694.91,7704.01,7484.63
3/9/2021,7592.37,7458.61,7635.23,7434.37
3/8/2021,7197.59,7499.14,7549.53,7189.71
3/5/2021,7541.21,7518.18,7555.53,7176.66
3/4/2021,7395.34,7589.59,7673.72,7297.57
3/3/2021,7660.28,7930.7,7956.43,7648.3
3/2/2021,7949.29,8187.35,8187.35,7944.7
3/1/2021,8155.87,8033.57,8161.74,7978.46
2/26/2021,7888.03,7884.14,7976.6,7739.23
2/25/2021,7795.56,8106.3,8167.15,7765.24
2/24/2021,8207.68,7983.3,8212.04,7895.12
2/23/2021,8059.79,7939.39,8101.18,7759.63
2/22/2021,8119.67,8285.71,8331.65,8103.25
2/19/2021,8408.88,8358.68,8447.54,8330.33
2/18/2021,8274.12,8241.98,8302.17,8160.15
2/17/2021,8349.34,8370.47,8403.47,8245.49
2/16/2021,8480.86,8531.52,8574.84,8442.34
2/12/2021,8470.05,8366.29,8473.86,8312.41
2/11/2021,8384.1,8274.96,8386.85,8260.44
2/10/2021,8201.92,8243.79,8273.07,8108.15
2/9/2021,8155.95,8115.32,8175.86,8088.9
2/8/2021,8121.09,8051.14,8121.84,8042.97
2/5/2021,7988.46,8002.12,8016.3,7963.33
2/4/2021,7970.37,7864.8,7972.9,7845.89
2/3/2021,7854.96,8007.33,8009.34,7854.29
2/2/2021,7994.23,7927.79,8005.39,7895.42
2/1/2021,7832.36,7687.63,7851.66,7657.1
1/29/2021,7576.53,7702.45,7705.69,7517.21
1/28/2021,7702.57,7646.66,7809.41,7633.42
1/27/2021,7548.91,7695.27,7746.28,7507.08
1/26/2021,7876.32,7959.26,7961.78,7868.15
1/25/2021,7953.04,8035.17,8040.11,7795.12
1/22/2021,7945,7982.63,8018.88,7935.91
1/21/2021,8007.08,8025.2,8025.2,7943.11
1/20/2021,7974.98,8009.71,8034.58,7965.66
1/19/2021,7918.95,7836.26,7934.3,7816.95
1/15/2021,7729.12,7821.69,7833.64,7691.85
1/14/2021,7831.38,7846.66,7904.53,7824.67
1/13/2021,7774.02,7806.44,7817.99,7734.54
1/12/2021,7776.04,7754.44,7791.8,7697.83
1/11/2021,7723.38,7688.17,7785.45,7662.93
1/8/2021,7751.66,7761.11,7786.3,7658.01
1/7/2021,7670.76,7519.16,7686.9,7519.16
1/6/2021,7427.18,7427.86,7558.07,7394.03
1/5/2021,7544.92,7449.96,7548.38,7447.04
1/4/2021,7463.18,7589.09,7644.4,7375.45
12/31/2020,7541.05,7541.79,7547.99,7497.8
12/30/2020,7529.84,7502.5,7548.62,7490.58
12/29/2020,7458.65,7537.81,7544.83,7423.61
12/28/2020,7495.5,7595.92,7601.33,7489.54
12/24/2020,7523.3,7506.46,7531.82,7483.84
12/23/2020,7488.14,7580.18,7581.48,7485.74
12/22/2020,7563.77,7525.69,7565.53,7484.02
12/21/2020,7515.09,7433.45,7525.09,7379.94
12/18/2020,7526.36,7536.79,7554.28,7481.38
12/17/2020,7517.86,7520.65,7527.19,7477.77
12/16/2020,7468.64,7453.46,7480.31,7429.45
12/15/2020,7427.22,7408.47,7429.41,7371.63
12/14/2020,7327.03,7292.2,7365.36,7291.53
12/11/2020,7258.28,7227.67,7280.98,7182.23
12/10/2020,7275.83,7218.42,7307.75,7190.84
12/9/2020,7271.35,7427.72,7460.54,7234.31
12/8/2020,7443.59,7410.41,7461.68,7379.08
12/7/2020,7411.35,7401,7429.92,7383.71
12/4/2020,7394.85,7289.38,7395.18,7288.31
12/3/2020,7251.87,7245.16,7307.12,7242.09
12/2/2020,7274.13,7224.98,7281.06,7207.9
12/1/2020,7254.33,7215.94,7286.15,7175.51
11/30/2020,7170.51,7129.94,7175.68,7033.25
11/27/2020,7122.22,7083.27,7143.25,7080.6
11/25/2020,7034.05,7046.91,7075.57,7006.15
11/24/2020,7028.88,6989.62,7035.2,6922.13
11/23/2020,6961.81,6958.02,6992.73,6892.5
11/20/2020,6927.58,6981.12,7016.38,6924.6
11/19/2020,6977.14,6849.73,6982.26,6842.56
11/18/2020,6881.3,6955.91,6979.09,6879.97
11/17/2020,6958.38,6963.49,6983.95,6920.59
11/16/2020,6995.15,6930.88,7012.24,6918.51
11/13/2020,6915.64,6911.07,6944.48,6867.33
11/12/2020,6830.06,6909.38,6947.79,6805
11/11/2020,6894.63,6804.23,6913.32,6800.09
11/10/2020,6714.78,6829.52,6862.28,6680.8
11/9/2020,6901.96,7123.37,7175.83,6897.42
11/6/2020,6996.94,6942.48,7014.4,6886.33
11/5/2020,6945.64,6892.85,6959.89,6882.29
11/4/2020,6740.2,6654.84,6780.79,6598.13
11/3/2020,6473.67,6400.05,6508.13,6385.21
11/2/2020,6346.76,6376.76,6418.63,6280.27
10/30/2020,6320.77,6375.16,6409.03,6270.89
10/29/2020,6437.22,6332.46,6498.65,6332.14
10/28/2020,6307.99,6422.26,6425.27,6304.14
10/27/2020,6531.36,6579.19,6584.94,6517.26
10/26/2020,6524.52,6589.2,6628.56,6448.04
10/23/2020,6659.53,6645.32,6659.76,6593.24
10/22/2020,6652.92,6684.66,6697.27,6566.2
10/21/2020,6680.45,6713.33,6758.83,6666.9
10/20/2020,6697.7,6725.55,6759.29,6685.58
10/19/2020,6687.58,6811.16,6845.07,6669.44
10/16/2020,6772.08,6811.94,6846.94,6770.17
10/15/2020,6785.69,6688.62,6799.99,6688.37
10/14/2020,6817.79,6855.69,6884,6777.64
10/13/2020,6843.46,6863.94,6907.94,6826.63
10/12/2020,6850.19,6789.88,6897.49,6765.51
10/9/2020,6709.67,6692.5,6719.08,6673.48
10/8/2020,6604,6595.77,6613.11,6571.77
10/7/2020,6545.5,6499.33,6556.42,6485.91
10/6/2020,6419.6,6484.07,6565.56,6400.65
10/5/2020,6491.05,6398.12,6492.33,6397.8
10/2/2020,6341.8,6381.87,6462.83,6325.17
10/1/2020,6513.26,6487.35,6536.79,6465.71
9/30/2020,6401.73,6375.01,6471.38,6366.73
9/29/2020,6394.8,6399.26,6443.71,6386.76
9/28/2020,6395.29,6349.81,6396.48,6307.91
9/25/2020,6267.17,6139.72,6282.55,6094.02
9/24/2020,6146.82,6069.5,6218.96,6069.5
9/23/2020,6119.78,6267.55,6289.19,6101.97
9/22/2020,6258.87,6205.34,6266.04,6127.51
9/21/2020,6163.56,6058.77,6165.31,6009.23
9/18/2020,6158.56,6273.8,6279.22,6073.4
9/17/2020,6241.33,6123.21,6252.71,6123.21
9/16/2020,6291.72,6394.19,6409.27,6288.32
9/15/2020,6363.08,6351.19,6394.5,6336.21
9/14/2020,6285.96,6271.42,6321.79,6243.03
9/11/2020,6172.09,6245.28,6278.78,6100.24
9/10/2020,6191.42,6340.04,6376.34,6159.83
9/9/2020,6294.84,6262.69,6334.87,6190.5
9/8/2020,6150.72,6186.49,6315.09,6145.16
9/4/2020,6435.31,6493.23,6560.17,6234.67
9/3/2020,6543.56,6791.23,6796.53,6490.01
9/2/2020,6915.12,6869,6936.26,6803.05
9/1/2020,6781.63,6691.49,6784.13,6676.36
8/31/2020,6651.3,6640.63,6673.99,6613.43
8/28/2020,6658.12,6595.24,6661.98,6593.27
8/27/2020,6557.04,6624.59,6624.59,6515.65
8/26/2020,6611.03,6550.2,6623.74,6528.83
8/25/2020,6515.61,6462.9,6516.15,6447.63
8/24/2020,6458.27,6474.69,6492.34,6419.83
8/21/2020,6408.71,6376.19,6411.64,6355.5
8/20/2020,6400.13,6310.81,6413.12,6308.84
8/19/2020,6358.49,6397.95,6418.73,6347.33
8/18/2020,6384.52,6401.04,6414.91,6355.26
8/17/2020,6372.03,6343.34,6389.01,6341.46
8/14/2020,6304.57,6326.35,6363.52,6287.42
8/13/2020,6332.94,6341.77,6382.21,6309.64
8/12/2020,6360.46,6266.99,6375.37,6264.59
8/11/2020,6224.3,6302.73,6344.1,6211.55
8/10/2020,6310.44,6330.07,6337.15,6222.12
8/7/2020,6330.84,6388.97,6406.93,6266.49
8/6/2020,6415.15,6387.5,6418.74,6348.22
8/5/2020,6424.57,6429.56,6448.2,6396.84
8/4/2020,6434.51,6408.8,6434.91,6363.23
8/3/2020,6379.6,6348.79,6389.19,6337.63
7/31/2020,6300.77,6291.09,6301.42,6188.89
7/30/2020,6271.73,6152.75,6277.58,6133.81
7/29/2020,6202.32,6136.8,6223.58,6132.35
7/28/2020,6087.28,6147.19,6162.86,6084.13
7/27/2020,6178.72,6093.18,6185.06,6086.52
7/24/2020,6056.31,6059.28,6118.98,6012.66
7/23/2020,6160.96,6251.65,6314.64,6127.07
7/22/2020,6270.14,6272.08,6313.51,6234.28
7/21/2020,6251.93,6335.73,6335.73,6230.46
7/20/2020,6300.96,6153.37,6313.43,6131.35
7/17/2020,6146.18,6119.23,6158.62,6084.29
7/16/2020,6097.32,6070.58,6114.82,6033.24
7/15/2020,6136.15,6157.37,6169.65,6058.72
7/14/2020,6122.22,6004.52,6128.67,5934.47
7/13/2020,6063.25,6277.04,6301.38,6055.01
7/10/2020,6204.61,6215.08,6221.86,6134.74
7/9/2020,6212.35,6194.92,6239.2,6101.11
7/8/2020,6145.35,6114.07,6147.59,6064.36
7/7/2020,6065.78,6105.61,6168.17,6060.24
7/6/2020,6124.41,6100.41,6159.84,6092.98
7/2/2020,5997.08,6010.91,6043.36,5988.6
7/1/2020,5948.33,5951.41,5984.32,5914.36
6/30/2020,5960.27,5857.42,5978.66,5854.87
6/29/2020,5834.06,5796.61,5835.81,5714.19
6/26/2020,5787.84,5863.79,5871.44,5747.86
6/25/2020,5864.11,5804.89,5870.42,5733.78
6/24/2020,5808.34,5917.7,5945.87,5775.01
6/23/2020,5942.02,5968.26,6000.71,5933.85
6/22/2020,5922.39,5865.66,5925.16,5839.88
6/19/2020,5872.05,5950.74,5976.27,5840.67
6/18/2020,5888.18,5865.28,5899.39,5848.86
6/17/2020,5878.95,5888.63,5927.86,5861.98
6/16/2020,5857.87,5895.48,5928.82,5775.49
6/15/2020,5729.98,5551.19,5743.55,5528.97
6/12/2020,5662.47,5728.35,5759.22,5552.42
6/11/2020,5577.63,5797.87,5818.95,5577.05
6/10/2020,5937.96,5946.41,5984.22,5916.89
6/9/2020,5915.05,5887.55,5946.58,5878.98
6/8/2020,5934.03,5911.33,5935.7,5855.87
6/5/2020,5915.47,5832.49,5964.61,5821.71
6/4/2020,5760.52,5751.84,5824.92,5720.73
6/3/2020,5783.06,5741.31,5800.32,5734.44
6/2/2020,5675.23,5621.62,5677.26,5570.07
6/1/2020,5610.49,5585.01,5634.69,5572.78
5/29/2020,5619.86,5516.65,5631.15,5481.13
5/28/2020,5499.21,5527.1,5622.05,5486.28
5/27/2020,5547.1,5491.51,5547.8,5364.01
5/26/2020,5493.2,5575.03,5588.8,5486.94
5/22/2020,5453.3,5420.59,5456.99,5375.14
5/21/2020,5432.77,5505.96,5523.36,5415.91
5/20/2020,5513.5,5461.47,5542.91,5460.54
5/19/2020,5370.01,5377.82,5460.66,5369.02
5/18/2020,5366.88,5306.84,5387.23,5297.98
5/15/2020,5193.21,5107.47,5200.97,5101.77
5/14/2020,5225.57,5076.1,5227.43,5009.26
5/13/2020,5124.94,5236.36,5275,5055.49
5/12/2020,5236.09,5391.38,5405.45,5234.94
5/11/2020,5366.34,5311.86,5401.22,5308.52
5/8/2020,5355.32,5290.97,5357.87,5263.73
5/7/2020,5245.13,5261.61,5280.34,5223.86
5/6/2020,5186.01,5191.01,5246.25,5162.92
5/5/2020,5140.95,5121.42,5203.28,5117.69
5/4/2020,5048.18,4977.3,5051.94,4953.79
5/1/2020,4999.58,5089.35,5113.78,4979.01
4/30/2020,5234,5316.64,5316.64,5222.3
4/29/2020,5338.01,5225.07,5355.34,5209.94
4/28/2020,5125.77,5282.14,5287.96,5122.54
4/27/2020,5198.8,5195.47,5228.79,5179.37
4/24/2020,5134.99,5054.03,5140.18,5008.56
4/23/2020,5035.21,5063.9,5119,5026.31
4/22/2020,5079.41,4990.72,5104.5,4975.21
4/21/2020,4856.8,5004.56,5015.74,4834.64
4/20/2020,5076.43,5084.48,5163.6,5075.12
4/17/2020,5156.76,5179.81,5181.43,5095.13
4/16/2020,5086.88,5057.26,5101.79,4998.42
4/15/2020,4992.71,4990.65,5027.39,4940.91
4/14/2020,5095.82,5001.91,5101.82,4997.67
4/13/2020,4892.85,4840.43,4897.41,4807.26
4/9/2020,4872.04,4953.86,4993.33,4836.12
4/8/2020,4905.42,4817.59,4920.74,4767.18
4/7/2020,4757.95,4929.57,4929.74,4752.23
4/6/2020,4783.16,4578.61,4800.69,4548.84
4/3/2020,4378.9,4447.49,4484.88,4337.4
4/2/2020,4459.01,4336.92,4482.24,4336.92
4/1/2020,4378.75,4434.91,4539.87,4341.62
3/31/2020,4606.71,4667.55,4741.03,4579.06
3/30/2020,4687.48,4556.37,4696.5,4534.72
3/27/2020,4502.7,4562.49,4641.59,4495.42
3/26/2020,4726.88,4500,4733.67,4500
3/25/2020,4441.51,4479.19,4639.44,4370.55
3/24/2020,4478.83,4332.85,4479.13,4314.41
3/23/2020,4091.46,4057.34,4170.28,3946.87
3/20/2020,4030.77,4261.57,4342.41,4025.76
3/19/2020,4178.29,4063.65,4274.91,3969.4
3/18/2020,4072.6,4057.98,4246.61,3905.49
3/17/2020,4373.62,4139.58,4389.62,3980.07
3/16/2020,4043.34,4322.44,4397.2,4033.03
3/13/2020,4660.58,4504.49,4661.12,4241.63
3/12/2020,4229.47,4348.96,4557.06,4226.32
3/11/2020,4694.43,4786.96,4837.29,4633.68
3/10/2020,4928.09,4853.29,4929.05,4675.53
3/9/2020,4690.86,4689.54,4900.2,4684.41
3/6/2020,5086.42,5031.31,5122.84,4958.08
3/5/2020,5197.42,5209.36,5314.81,5158.54
3/4/2020,5367.52,5227.14,5367.71,5180.32
3/3/2020,5138.99,5308.14,5382.94,5093.88
3/2/2020,5314.01,5189.26,5315.59,5082.2
2/28/2020,5135.31,4903.32,5146.43,4903.32
2/27/2020,5077.97,5149.61,5272.98,5075.33
2/26/2020,5325.34,5364.17,5448.71,5296.6
2/25/2020,5320.84,5545.37,5552.15,5299.81
2/24/2020,5481.01,5466.68,5554.14,5458.1
2/21/2020,5723.17,5834.77,5844.11,5696.01
2/20/2020,5872.84,5929.75,5944.99,5791.03
2/19/2020,5954.62,5919.94,5968.6,5919.9
2/18/2020,5867.2,5840.07,5874.64,5835.88
2/14/2020,5907.67,5937.44,5942.53,5878.9
2/13/2020,5909.47,5855.64,5935.31,5855.33
2/12/2020,5915.5,5893.75,5917.4,5882.78
2/11/2020,5847.53,5841.13,5882.3,5826.46
2/10/2020,5798.66,5690.25,5798.99,5690.03
2/7/2020,5721.41,5764.82,5765.26,5717.31
2/6/2020,5803.72,5783.49,5807.27,5749.53
2/5/2020,5761.13,5812.33,5821.29,5723.97
2/4/2020,5712.62,5675.34,5715.39,5651.25
2/3/2020,5564.53,5498.69,5574.82,5498.11
1/31/2020,5473.45,5561.49,5590.46,5455.21
1/30/2020,5621.13,5567.16,5623.28,5535.16
1/29/2020,5617.78,5680.36,5681.08,5617.42
1/28/2020,5673.06,5626.25,5687.63,5605.14
1/27/2020,5580.69,5571.25,5616.72,5565.29
1/24/2020,5742.86,5846.38,5853.47,5709.91
1/23/2020,5799.71,5761.56,5800.71,5734.21
1/22/2020,5752.17,5770.92,5802.26,5744.85
1/21/2020,5733.2,5709.7,5751.3,5709.7
1/17/2020,5736.06,5740.79,5742.36,5703.28
1/16/2020,5723.8,5683.73,5724.17,5679.94
1/15/2020,5643.19,5666.39,5677.37,5625.63
1/14/2020,5669.49,5678.1,5707.37,5652.98
1/13/2020,5681.61,5650.16,5682.03,5640.32
1/10/2020,5622.4,5665.48,5666.14,5611.44
1/9/2020,5640.1,5647.86,5657.2,5598.88
1/8/2020,5595.44,5560.81,5622.37,5551.47
1/7/2020,5558.13,5532.54,5573.66,5511.18
1/6/2020,5500.13,5446.62,5501.52,5441.01
1/3/2020,5512.15,5484.94,5541.02,5481.96
1/2/2020,5577.23,5515.02,5577.55,5513.32
12/31/2019,5457.73,5421.14,5459.26,5418.43
12/30/2019,5441.67,5474.24,5474.24,5407.28
12/27/2019,5480.09,5510.97,5511.48,5466.25
12/26/2019,5492.35,5483.12,5497.59,5475.48
12/24/2019,5471.91,5475.09,5476.22,5456.08
12/23/2019,5468.66,5478.17,5488.26,5463.03
12/20/2019,5460.6,5433.34,5469.27,5433
12/19/2019,5422.66,5398,5423.2,5388.61
12/18/2019,5380.34,5375.94,5395.3,5368.32
12/17/2019,5368.6,5386.77,5388.7,5355.61
12/16/2019,5363.47,5359.74,5394.28,5359.25
12/13/2019,5303.91,5299.63,5352.81,5286.89
12/12/2019,5303.86,5207.8,5311.05,5203.66
12/11/2019,5216.72,5165.84,5219.43,5164.98
12/10/2019,5149.71,5155.92,5182.71,5141.17
12/9/2019,5140.84,5162.33,5182.87,5139.89
12/6/2019,5166.49,5154.63,5175.05,5149.52
12/5/2019,5104.43,5111.43,5125.47,5089.99
12/4/2019,5095.08,5092.3,5111.69,5084.36
12/3/2019,5050.18,5010.05,5052.16,4990.02
12/2/2019,5103.87,5190.34,5190.53,5092.87
11/29/2019,5187.08,5198.2,5209.07,5185.18
11/27/2019,5222.52,5195.57,5223.14,5191.68
11/26/2019,5178.33,5176.02,5185.29,5158.77
11/25/2019,5177.95,5124.13,5179.16,5124.13
11/22/2019,5093.32,5103.7,5114.65,5067.92
11/21/2019,5083.02,5096.57,5119.19,5065.26
11/20/2019,5121.56,5137.39,5164.37,5085.15
11/19/2019,5159.81,5186.38,5186.47,5134.84
11/18/2019,5162.08,5152.98,5175.65,5133.34
11/15/2019,5167.26,5160.63,5175.81,5150
11/14/2019,5118.21,5105.69,5122.9,5088.13
11/13/2019,5129.42,5092.85,5139.66,5092.32
11/12/2019,5127.48,5124.57,5154.54,5108.91
11/11/2019,5107.73,5087.96,5117.3,5076.37
11/8/2019,5125.79,5079.92,5125.8,5064.05
11/7/2019,5104.02,5115.96,5141.62,5082.67
11/6/2019,5058.86,5072.23,5072.23,5028.32
11/5/2019,5087.67,5105.43,5106.74,5070.29
11/4/2019,5086.83,5074.05,5092.47,5064.2
11/1/2019,5017.88,4970.83,5018.3,4960.74
10/31/2019,4932.7,4960.72,4961.99,4898.26
10/30/2019,4979.18,4979.81,4983.51,4935.83
10/29/2019,4958.13,4993.98,5002.67,4956.96
10/28/2019,4985.4,4960.35,4991.71,4959.66
10/25/2019,4923.94,4883.37,4931.84,4882.03
10/24/2019,4878.45,4835.01,4880.27,4830.98
10/23/2019,4780.9,4764.37,4801.39,4753.52
10/22/2019,4816.72,4889.89,4894.62,4815.15
10/21/2019,4873.15,4850.21,4875.67,4832.89
10/18/2019,4808.76,4851.88,4863.49,4775.2
10/17/2019,4864.06,4898.25,4906,4841.57
10/16/2019,4859.83,4875.63,4891.08,4848.82
10/15/2019,4923.56,4862.96,4936.89,4862.02
10/14/2019,4844.24,4835.49,4853.02,4825.67
10/11/2019,4842,4831.75,4888.44,4826.66
10/10/2019,4749.27,4708.95,4778.9,4708.39
10/9/2019,4712.53,4701.48,4735.08,4688.74
10/8/2019,4642.53,4715,4719.54,4642.19
10/7/2019,4764.9,4774.02,4804.59,4763.99
10/4/2019,4786.63,4737.42,4789.63,4731.57
10/3/2019,4711.69,4648.34,4714.44,4592.78
10/2/2019,4646.22,4672.11,4682,4617.14
10/1/2019,4719.83,4800.04,4827.67,4707.91
9/30/2019,4771.68,4747.6,4786.06,4735.2
9/27/2019,4731.77,4821.2,4825.48,4694.39
9/26/2019,4836.17,4825.09,4852.14,4795.32
9/25/2019,4822.61,4730.01,4834.99,4697.41
9/24/2019,4747.31,4853.31,4860.73,4728.66
9/23/2019,4830.13,4810.44,4849.89,4803.98
9/20/2019,4817.57,4879.84,4886.55,4798.48
9/19/2019,4877.92,4904.62,4928.1,4873.31
9/18/2019,4895.12,4887.84,4897.07,4829.89
9/17/2019,4898.88,4870.73,4901.1,4856.48
9/16/2019,4880.33,4854.95,4895.81,4843.29
9/13/2019,4901.77,4920.92,4932.11,4894.9
9/12/2019,4919.54,4941.75,4969.14,4908.78
9/11/2019,4914.34,4866.33,4914.43,4855.11
9/10/2019,4852.83,4833.14,4853.68,4803.55
9/9/2019,4857.65,4883.44,4889.67,4833.59
9/6/2019,4853.44,4856.1,4879.08,4833.53
9/5/2019,4850.05,4812.64,4878.42,4812.64
9/4/2019,4728.99,4705.54,4733.32,4704.25
9/3/2019,4636.64,4652.07,4675.63,4613.57
8/30/2019,4693.41,4715.39,4721.8,4663.66
8/29/2019,4678.04,4654.85,4699.62,4652.2
8/28/2019,4586.79,4547.07,4594.55,4516.43
8/27/2019,4581.85,4631.84,4643.25,4558.4
8/26/2019,4595.86,4600.77,4605.18,4572.11
8/23/2019,4544.77,4669.02,4715.87,4532.34
8/22/2019,4704.5,4718.98,4729.64,4663.02
8/21/2019,4707.48,4710.97,4728.42,4691.95
8/20/2019,4665.59,4690.71,4705.83,4660.14
8/19/2019,4700.18,4712.44,4725.2,4674.64
8/16/2019,4623.81,4572.37,4632.58,4572.37
8/15/2019,4532.78,4550.69,4566.95,4496.01
8/14/2019,4545.62,4585.95,4613,4522.52
8/13/2019,4691.09,4556.39,4717.5,4545.16
8/12/2019,4563.88,4598.51,4612.03,4540.8
8/9/2019,4632.22,4660.71,4668.9,4598.87
8/8/2019,4697.93,4607.55,4698.96,4589.67
8/7/2019,4550.56,4480.18,4563.46,4470.76
8/6/2019,4531.81,4530.69,4562.89,4481.23
8/5/2019,4469.97,4525.94,4534.65,4434.46
8/2/2019,4655.56,4695.55,4712.99,4629.25
8/1/2019,4762.81,4821.15,4924.92,4726.34
7/31/2019,4811.69,4917.31,4918.67,4765.01
7/30/2019,4937.59,4906.71,4952.87,4905.21
7/29/2019,4952.96,4963.93,4967.19,4903.06
7/26/2019,4971.76,4992.14,5000.26,4971
7/25/2019,4961.36,4989.89,4990.57,4954.21
7/24/2019,5026.65,4956.97,5033.05,4955.98
7/23/2019,4948.62,4923.34,4948.95,4900.77
7/22/2019,4906.49,4866.72,4917.52,4866.72
7/19/2019,4836.33,4883.89,4894.32,4835.08
7/18/2019,4868.73,4812.64,4880.02,4812.25
7/17/2019,4820.15,4837.99,4855.87,4819.9
7/16/2019,4822.5,4857.29,4857.29,4810.04
7/15/2019,4876.39,4874.35,4888.5,4855.76
7/12/2019,4879.65,4839,4880.84,4836.96
7/11/2019,4823.99,4826.71,4835.42,4795.43
7/10/2019,4812.35,4804.3,4850.86,4793.79
7/9/2019,4767.52,4704.75,4771.74,4704.7
7/8/2019,4734.41,4722.86,4740.37,4709.86
7/5/2019,4757.68,4729.66,4763.38,4700.85
7/3/2019,4773.91,4768.48,4776.24,4745.29
7/2/2019,4747.96,4753.73,4758.42,4720.25
7/1/2019,4766.31,4814.3,4827.81,4736.92
6/28/2019,4660.72,4667.95,4675.9,4635.81
6/27/2019,4635.1,4610.87,4647.41,4606.03
6/26/2019,4585.47,4575.17,4612.51,4575.1
6/25/2019,4502.12,4586.91,4588.5,4501.04
6/24/2019,4581.64,4592.85,4601.59,4576.42
6/21/2019,4582.63,4590.75,4617.94,4576.12
6/20/2019,4605.66,4635.58,4639.59,4571.06
6/19/2019,4546.38,4540.6,4561.02,4515.98
6/18/2019,4517.64,4455.8,4551.53,4446.76
6/17/2019,4399.4,4419.07,4431.28,4395.94
6/14/2019,4408.86,4406.04,4424.22,4389.79
6/13/2019,4475.38,4478.9,4491.66,4460.06
6/12/2019,4460.17,4487.38,4491.44,4454.86
6/11/2019,4517.51,4575.91,4580.52,4495.7
6/10/2019,4515.88,4485.72,4559.51,4485.48
6/7/2019,4435.8,4398.04,4453.16,4390.15
6/6/2019,4375.45,4338.55,4388.83,4321.69
6/5/2019,4329.21,4359.99,4372.12,4279.17
6/4/2019,4320.98,4230.68,4322.79,4199.29
6/3/2019,4170.02,4255.18,4264.98,4145.45
